2025-09-13 01:23:54,/home/r1ley/ransom/hello.keypass.enc.enc,.enc
2025-09-13 01:23:54,/home/r1ley/ransom/test.sh.enc.enc,.enc
2025-09-13 01:23:54,/home/r1ley/ransom/testingfile.txt.enc.enc,.enc
2025-09-13 01:23:56,/home/r1ley/ransom/hello.keypass.enc.enc,.enc
2025-09-13 01:23:56,/home/r1ley/ransom/test.sh.enc.enc,.enc
2025-09-13 01:23:56,/home/r1ley/ransom/testingfile.txt.enc.enc,.enc
2025-09-13 01:23:58,/home/r1ley/ransom/hello.keypass.enc.enc,.enc
2025-09-13 01:23:58,/home/r1ley/ransom/test.sh.enc.enc,.enc
2025-09-13 01:23:58,/home/r1ley/ransom/testingfile.txt.enc.enc,.enc
2025-09-13 01:24:00,/home/r1ley/ransom/hello.keypass.enc.enc,.enc
2025-09-13 01:24:00,/home/r1ley/ransom/test.sh.enc.enc,.enc
2025-09-13 01:24:00,/home/r1ley/ransom/testingfile.txt.enc.enc,.enc
2025-09-13 01:24:02,/home/r1ley/ransom/hello.keypass.enc.enc,.enc
2025-09-13 01:24:02,/home/r1ley/ransom/test.sh.enc.enc,.enc
2025-09-13 01:24:02,/home/r1ley/ransom/testingfile.txt.enc.enc,.enc
2025-09-13 01:24:04,/home/r1ley/ransom/hello.keypass.enc.enc,.enc
2025-09-13 01:24:04,/home/r1ley/ransom/test.sh.enc.enc,.enc
2025-09-13 01:24:04,/home/r1ley/ransom/testingfile.txt.enc.enc,.enc
2025-09-13 01:24:06,/home/r1ley/ransom/hello.keypass.enc.enc,.enc
2025-09-13 01:24:06,/home/r1ley/ransom/test.sh.enc.enc,.enc
2025-09-13 01:24:06,/home/r1ley/ransom/testingfile.txt.enc.enc,.enc
2025-09-13 01:24:08,/home/r1ley/ransom/hello.keypass.enc.enc,.enc
2025-09-13 01:24:08,/home/r1ley/ransom/test.sh.enc.enc,.enc
2025-09-13 01:24:08,/home/r1ley/ransom/testingfile.txt.enc.enc,.enc
2025-09-13 01:24:10,/home/r1ley/ransom/hello.keypass.enc.enc,.enc
2025-09-13 01:24:10,/home/r1ley/ransom/test.sh.enc.enc,.enc
2025-09-13 01:24:10,/home/r1ley/ransom/testingfile.txt.enc.enc,.enc
2025-09-13 01:24:12,/home/r1ley/ransom/hello.keypass,.keypass
2025-09-13 01:24:14,/home/r1ley/ransom/hello.keypass,.keypass
2025-09-13 01:24:16,/home/r1ley/ransom/hello.keypass,.keypass
2025-09-13 01:24:18,/home/r1ley/ransom/hello.keypass,.keypass
2025-09-13 01:24:20,/home/r1ley/ransom/hello.keypass,.keypass
2025-09-13 01:24:22,/home/r1ley/ransom/hello.keypass,.keypass
2025-09-13 01:24:24,/home/r1ley/ransom/hello.keypass,.keypass
2025-09-13 01:24:26,/home/r1ley/ransom/hello.keypass,.keypass
2025-09-13 01:24:28,/home/r1ley/ransom/hello.keypass,.keypass
2025-09-13 01:24:30,/home/r1ley/ransom/hello.keypass,.keypass
2025-09-13 01:24:32,/home/r1ley/ransom/hello.keypass,.keypass
2025-09-13 01:24:34,/home/r1ley/ransom/hello.keypass,.keypass
2025-09-13 01:24:36,/home/r1ley/ransom/hello.keypass,.keypass
2025-09-13 01:24:38,/home/r1ley/ransom/hello.keypass,.keypass
2025-09-13 01:24:40,/home/r1ley/ransom/hello.keypass,.keypass
2025-09-13 01:36:20,/home/r1ley/ransom/something.btc,.btc
2025-09-13 01:36:22,/home/r1ley/ransom/something.btc,.btc
2025-09-13 01:36:24,/home/r1ley/ransom/something.btc,.btc
2025-09-13 01:36:26,/home/r1ley/ransom/something.btc,.btc
2025-09-13 01:36:28,/home/r1ley/ransom/something.btc,.btc
2025-09-13 01:36:30,/home/r1ley/ransom/something.btc,.btc
2025-09-13 01:36:32,/home/r1ley/ransom/something.btc,.btc
2025-09-13 01:36:34,/home/r1ley/ransom/something.btc,.btc
2025-09-13 01:36:36,/home/r1ley/ransom/something.btc,.btc
2025-09-13 01:36:39,/home/r1ley/ransom/something.btc,.btc
2025-09-13 01:36:41,/home/r1ley/ransom/something.btc,.btc
2025-09-13 01:36:43,/home/r1ley/ransom/something.btc,.btc
2025-09-13 01:36:45,/home/r1ley/ransom/something.btc,.btc
2025-09-13 01:36:47,/home/r1ley/ransom/something.btc,.btc
2025-09-13 01:36:49,/home/r1ley/ransom/something.btc,.btc
2025-09-13 01:36:51,/home/r1ley/ransom/something.btc,.btc
2025-09-13 01:36:53,/home/r1ley/ransom/something.btc,.btc
2025-09-13 01:36:55,/home/r1ley/ransom/something.btc,.btc
